{
  "args": {
    "ckpt": "/home/jiayuansheng141/SiT/pretrained_models/SiT-XL-2-256x256.pt",
    "model": "SiT-XL/2",
    "path_type": "Linear",
    "image_size": 256,
    "num_eval_samples": 256,
    "eval_batch_size": 16,
    "train_batch_size": 4,
    "lr": 1e-05,
    "reward_scale": 10.0,
    "cfg_scale": 4.0,
    "sweep": false,
    "output_dir": "./sanity_results",
    "device": "cuda",
    "quick": false
  },
  "experiments": [
    {
      "name": "baseline",
      "steps": 0,
      "results": {
        "aesthetic": {
          "mean": -0.48491894410476677,
          "std": 0.24791726758704577,
          "min": -1.229488492012024,
          "max": -1.382166487928771e-06
        },
        "brightness": {
          "mean": -0.039419437809499414,
          "std": 0.06214509980127149,
          "min": -0.25179600715637207,
          "max": -4.370745955384336e-06
        },
        "quadratic": {
          "mean": -6289.690410614014,
          "std": 2658.4429309902744,
          "min": -17696.423828125,
          "max": -2179.550048828125
        }
      }
    },
    {
      "name": "1_step_am",
      "steps": 1,
      "losses": [
        6034.9931640625
      ],
      "results": {
        "aesthetic": {
          "mean": -0.4450539254339674,
          "std": 0.22771385371196684,
          "min": -1.2659248113632202,
          "max": -0.004958453122526407
        },
        "brightness": {
          "mean": -0.03826194307754456,
          "std": 0.057676133472807485,
          "min": -0.24313919246196747,
          "max": -1.7758203796347516e-09
        },
        "quadratic": {
          "mean": -5877.790368080139,
          "std": 2643.732620397549,
          "min": -18694.720703125,
          "max": -2181.18603515625
        }
      }
    },
    {
      "name": "100_step_am",
      "steps": 100,
      "losses": [
        856.4246826171875,
        2.849853515625,
        19.396751403808594,
        0.059181395918130875,
        0.4367436170578003,
        0.002677749842405319,
        0.0028703580610454082,
        35.322181701660156,
        0.7116438746452332,
        0.004910671152174473,
        147.26983642578125,
        3394.833251953125,
        5.313363075256348,
        633.3900146484375,
        0.13855606317520142,
        466760.125,
        4.010167121887207,
        0.2532106041908264,
        0.035756707191467285,
        0.34245094656944275,
        255.81838989257812,
        165.54147338867188,
        4.993601322174072,
        0.04529527574777603,
        0.4727678894996643,
        4661.35302734375,
        0.08226361870765686,
        772.57373046875,
        3864.408935546875,
        0.22136038541793823,
        0.11119784414768219,
        8.169961929321289,
        1709.8551025390625,
        0.8529857397079468,
        96032.0390625,
        10700.94921875,
        1.6107531785964966,
        10.016121864318848,
        7743.9072265625,
        2500.7568359375,
        1837.681396484375,
        0.6835231781005859,
        2122.2509765625,
        7.5964555740356445,
        0.14976495504379272,
        12.092798233032227,
        2.987603187561035,
        2.243992328643799,
        1.1767245531082153,
        0.10430322587490082,
        1520.301025390625,
        23.040145874023438,
        1924.42626953125,
        113.01882934570312,
        8.02750015258789,
        172678.703125,
        3.96677827835083,
        0.554243803024292,
        34.11368942260742,
        73.5662841796875,
        92626.09375,
        0.4249539375305176,
        1.2096881866455078,
        32763.30078125,
        232.4235076904297,
        196.0851593017578,
        0.7733910083770752,
        66.4278564453125,
        17545.5078125,
        31.17862319946289,
        19.123319625854492,
        1.094765067100525,
        0.36380675435066223,
        950.4733276367188,
        4.3711419105529785,
        72.04800415039062,
        163.92018127441406,
        93.29025268554688,
        9.224267959594727,
        137.66641235351562,
        355.66033935546875,
        86447.4921875,
        19.419742584228516,
        93.19670867919922,
        112.77998352050781,
        5.254197120666504,
        3.6092405319213867,
        0.7213009595870972,
        635.1817626953125,
        0.2876708507537842,
        12.244705200195312,
        1158.356201171875,
        39621.1796875,
        29402.41015625,
        23.757314682006836,
        1.4390473365783691,
        548.490234375,
        53.075950622558594,
        675.8753662109375,
        20.51369285583496
      ],
      "results": {
        "aesthetic": {
          "mean": -0.23565922128182137,
          "std": 0.1206282516162669,
          "min": -0.7002898454666138,
          "max": -0.025433266535401344
        },
        "brightness": {
          "mean": -0.026105474122930517,
          "std": 0.035236245555956926,
          "min": -0.18977561593055725,
          "max": -4.1546354623278603e-07
        },
        "quadratic": {
          "mean": -1965.7259838581085,
          "std": 597.9735027974078,
          "min": -4269.69921875,
          "max": -925.3926391601562
        }
      }
    }
  ]
}